Time,Close,High,Low,Open,Volume
09:30,49.3849983215332,49.439998626708984,49.07500076293945,49.400001525878906,1042090
09:45,49.6349983215332,49.72999954223633,49.3849983215332,49.3849983215332,508852
10:00,49.595001220703125,49.64500045776367,49.55500030517578,49.630001068115234,346529
10:15,49.54499816894531,49.63999938964844,49.5099983215332,49.595001220703125,391360
10:30,49.540000915527344,49.619998931884766,49.47999954223633,49.540000915527344,620944
10:45,49.435001373291016,49.54999923706055,49.42499923706055,49.54999923706055,493265
11:00,49.345001220703125,49.45000076293945,49.34000015258789,49.43000030517578,396232
11:15,49.28499984741211,49.3588981628418,49.27000045776367,49.345001220703125,317965
11:30,49.279998779296875,49.33000183105469,49.25,49.279998779296875,269660
11:45,49.275001525878906,49.31999969482422,49.25,49.27899932861328,375096
12:00,49.23500061035156,49.29999923706055,49.21500015258789,49.275001525878906,328168
12:15,49.23500061035156,49.26499938964844,49.20500183105469,49.23500061035156,416559
12:30,49.130001068115234,49.244998931884766,49.10499954223633,49.23500061035156,462927
12:45,49.17250061035156,49.18000030517578,49.11000061035156,49.1349983215332,256086
13:00,49.154998779296875,49.205101013183594,49.150001525878906,49.17499923706055,277956
13:15,49.11000061035156,49.165000915527344,49.08000183105469,49.150001525878906,339655
13:30,49.099998474121094,49.15999984741211,49.05500030517578,49.10499954223633,487951
13:45,49.095001220703125,49.11000061035156,49.07500076293945,49.095001220703125,288528
14:00,49.05500030517578,49.10499954223633,49.029998779296875,49.095001220703125,328368
14:15,49.06999969482422,49.099998474121094,49.04499816894531,49.05500030517578,274964
14:30,49.0629997253418,49.099998474121094,49.05500030517578,49.06999969482422,210834
14:45,49.13010025024414,49.150001525878906,49.060001373291016,49.060001373291016,278967
15:00,49.0900993347168,49.150001525878906,49.07500076293945,49.130001068115234,397362
15:15,49.10499954223633,49.1349983215332,49.07500076293945,49.095001220703125,289856
15:30,49.1150016784668,49.14500045776367,49.099998474121094,49.10499954223633,564257
15:45,49.11000061035156,49.18000030517578,49.08000183105469,49.1150016784668,2852138
