Time,Close,High,Low,Open,Volume
09:30,293.4949951171875,294.1199951171875,291.7300109863281,292.92999267578125,26170
09:45,293.5899963378906,293.75,293.0199890136719,293.75,16344
10:00,294.5249938964844,294.5249938964844,293.3999938964844,293.510009765625,33142
10:15,294.3900146484375,294.8299865722656,294.2200012207031,294.55999755859375,20521
10:30,294.44000244140625,294.44000244140625,293.54998779296875,294.3599853515625,23958
10:45,294.6300048828125,294.6300048828125,294.1600036621094,294.5,17322
11:00,294.510009765625,294.80999755859375,294.29998779296875,294.6300048828125,16396
11:15,294.6499938964844,294.7699890136719,294.2200012207031,294.42999267578125,20839
11:30,294.56500244140625,294.8299865722656,294.3399963378906,294.6000061035156,24852
11:45,294.1000061035156,294.7799987792969,294.1000061035156,294.55999755859375,15023
12:00,294.6499938964844,294.760009765625,294.0299987792969,294.17999267578125,30107
12:15,294.6400146484375,294.7799987792969,294.4700012207031,294.6549987792969,11076
12:30,294.6549987792969,294.8550109863281,294.44000244140625,294.6400146484375,13802
12:45,294.8399963378906,294.8500061035156,294.45001220703125,294.6549987792969,15720
13:00,294.3550109863281,294.8450012207031,294.3550109863281,294.8399963378906,20123
13:15,294.5899963378906,294.6050109863281,294.3599853515625,294.3599853515625,13621
13:30,294.6700134277344,294.7264099121094,294.04998779296875,294.4800109863281,23935
13:45,295.1449890136719,295.2298889160156,294.4849853515625,294.6600036621094,15379
14:00,295.1650085449219,295.2200012207031,294.82000732421875,295.05999755859375,24982
14:15,295.44000244140625,295.44000244140625,295.1499938964844,295.2300109863281,14885
14:30,295.3999938964844,295.57000732421875,295.0799865722656,295.43499755859375,16849
14:45,295.19000244140625,295.5,295.19000244140625,295.4100036621094,13361
15:00,294.8800048828125,295.30999755859375,294.7900085449219,295.1400146484375,17613
15:15,294.625,295.0,294.5799865722656,294.9125061035156,17937
15:30,295.3999938964844,295.55999755859375,294.4809875488281,294.625,44287
15:45,295.6000061035156,295.6499938964844,294.989990234375,295.3900146484375,141349
