Time,Close,High,Low,Open,Volume
09:30,96.7300033569336,96.93000030517578,96.25,96.5,351414
09:45,97.03500366210938,97.03500366210938,96.45999908447266,96.7300033569336,146712
10:00,96.98500061035156,97.16000366210938,96.72000122070312,97.0199966430664,259352
10:15,96.94499969482422,97.06999969482422,96.80999755859375,97.0,183291
10:30,96.6500015258789,97.01000213623047,96.53050231933594,96.94499969482422,215908
10:45,96.58000183105469,96.65499877929688,96.5199966430664,96.65499877929688,167283
11:00,96.58000183105469,96.60009765625,96.44999694824219,96.58000183105469,200169
11:15,96.37000274658203,96.61499786376953,96.3499984741211,96.56999969482422,134769
11:30,96.33000183105469,96.5,96.30000305175781,96.37999725341797,158275
11:45,96.29000091552734,96.41000366210938,96.23999786376953,96.31500244140625,138093
12:00,96.29499816894531,96.3499984741211,96.20999908447266,96.29000091552734,118357
12:15,96.41000366210938,96.45999908447266,96.2699966430664,96.30999755859375,137006
12:30,96.58499908447266,96.61000061035156,96.4000015258789,96.41000366210938,131875
12:45,96.4749984741211,96.5999984741211,96.42500305175781,96.58000183105469,105133
13:00,96.20999908447266,96.47000122070312,96.1500015258789,96.47000122070312,114988
13:15,96.27999877929688,96.29000091552734,96.12000274658203,96.2249984741211,161851
13:30,96.23999786376953,96.33000183105469,96.15019989013672,96.29000091552734,179055
13:45,96.26000213623047,96.32499694824219,96.20999908447266,96.23999786376953,121893
14:00,96.36000061035156,96.45999908447266,96.18499755859375,96.25,160901
14:15,96.51000213623047,96.58000183105469,96.37000274658203,96.37000274658203,131106
14:30,96.3499984741211,96.54000091552734,96.3499984741211,96.5199966430664,102010
14:45,96.44499969482422,96.44999694824219,96.31999969482422,96.35009765625,128083
15:00,96.31999969482422,96.48500061035156,96.29000091552734,96.44499969482422,166098
15:15,96.16500091552734,96.31999969482422,96.125,96.31500244140625,224598
15:30,96.27999877929688,96.30000305175781,96.1500015258789,96.16000366210938,327821
15:45,96.2699966430664,96.41500091552734,96.1500015258789,96.27999877929688,559925
