Time,Close,High,Low,Open,Volume
09:30,136.58999633789062,137.139892578125,135.89999389648438,136.47999572753906,725708
09:45,136.94000244140625,137.0800018310547,136.60000610351562,136.61000061035156,402367
10:00,136.5500030517578,137.25,136.02999877929688,136.77000427246094,500669
10:15,136.6199951171875,136.84500122070312,136.5,136.58999633789062,244823
10:30,136.3699951171875,136.82000732421875,136.1999969482422,136.6300048828125,602392
10:45,136.39999389648438,136.55999755859375,136.08999633789062,136.36000061035156,238777
11:00,136.4250030517578,136.6199951171875,136.26499938964844,136.39999389648438,211722
11:15,136.27000427246094,136.47999572753906,136.14999389648438,136.427001953125,409055
11:30,136.3800048828125,136.4149932861328,136.08999633789062,136.27499389648438,876415
11:45,136.6300048828125,136.69500732421875,136.3249969482422,136.3800048828125,731601
12:00,136.41990661621094,136.64999389648438,136.27999877929688,136.6300048828125,108094
12:15,136.4550018310547,136.52999877929688,136.34500122070312,136.41000366210938,220451
12:30,136.61000061035156,136.7082061767578,136.39999389648438,136.4600067138672,117700
12:45,136.4550018310547,136.67999267578125,136.39999389648438,136.61500549316406,212532
13:00,135.8800048828125,136.47999572753906,135.7100067138672,136.4600067138672,313124
13:15,136.47000122070312,136.50999450683594,135.83999633789062,135.8800048828125,292104
13:30,136.3699951171875,136.66000366210938,136.28579711914062,136.47999572753906,246612
13:45,136.17999267578125,136.3699951171875,136.1699981689453,136.35000610351562,154922
14:00,136.49000549316406,136.60000610351562,136.10000610351562,136.1699981689453,239675
14:15,136.6699981689453,136.80999755859375,136.47999572753906,136.48500061035156,250378
14:30,136.5749969482422,136.77000427246094,136.52000427246094,136.6649932861328,168015
14:45,136.6699981689453,136.6999969482422,136.53500366210938,136.5800018310547,597984
15:00,136.62010192871094,136.69000244140625,136.51010131835938,136.6699981689453,336867
15:15,136.5749969482422,136.64999389648438,136.55499267578125,136.6199951171875,170016
15:30,136.6300048828125,136.69000244140625,136.5050048828125,136.57000732421875,307029
15:45,136.77999877929688,136.8300018310547,136.59500122070312,136.6199951171875,712809
