Time,Close,High,Low,Open,Volume
09:30,210.27000427246094,210.52999877929688,207.3699951171875,207.3699951171875,494593
09:45,211.01499938964844,211.74000549316406,210.1501007080078,210.27000427246094,245013
10:00,210.5449981689453,211.4600067138672,209.4600067138672,210.99000549316406,237089
10:15,210.6300048828125,210.77999877929688,209.91000366210938,210.62989807128906,146911
10:30,210.9199981689453,211.33999633789062,210.1999969482422,210.6300048828125,160407
10:45,211.2050018310547,211.44000244140625,210.19000244140625,210.77999877929688,97161
11:00,211.0800018310547,211.3000030517578,210.5,211.1999969482422,72637
11:15,211.3800048828125,211.5500030517578,211.00999450683594,211.19000244140625,83257
11:30,210.7949981689453,211.39999389648438,210.46499633789062,211.39999389648438,135263
11:45,211.0500030517578,211.31500244140625,210.59500122070312,210.80999755859375,70635
12:00,210.77999877929688,211.14500427246094,210.55999755859375,211.0500030517578,64208
12:15,210.8699951171875,210.94000244140625,210.63999938964844,210.8300018310547,67799
12:30,210.69000244140625,211.1999969482422,210.6699981689453,210.8249969482422,110390
12:45,211.13999938964844,211.14999389648438,210.69000244140625,210.69000244140625,61267
13:00,210.75,211.13499450683594,210.58999633789062,211.0800018310547,111880
13:15,211.38499450683594,211.4199981689453,210.5500030517578,210.77000427246094,81912
13:30,211.13999938964844,211.625,210.9250030517578,211.4199981689453,106666
13:45,211.0,211.4199981689453,210.85000610351562,211.0800018310547,54777
14:00,210.9199981689453,211.22869873046875,210.75999450683594,211.0,63105
14:15,211.67999267578125,211.83999633789062,210.8300018310547,210.92250061035156,87926
14:30,211.55499267578125,211.72000122070312,211.25,211.64999389648438,61400
14:45,211.63999938964844,211.70249938964844,211.35000610351562,211.55999755859375,80430
15:00,211.88999938964844,211.89999389648438,211.5500946044922,211.66000366210938,92184
15:15,211.82000732421875,211.8699951171875,211.64999389648438,211.86500549316406,109936
15:30,211.8000030517578,212.1999969482422,211.4665069580078,211.7550048828125,206952
15:45,212.33999633789062,212.39999389648438,211.77110290527344,211.82000732421875,525225
