Time,Close,High,Low,Open,Volume
09:30,76.5199966430664,76.63999938964844,76.2218017578125,76.63999938964844,410634
09:45,76.83000183105469,76.84500122070312,76.5199966430664,76.5199966430664,271952
10:00,76.96499633789062,77.01000213623047,76.7699966430664,76.83000183105469,431389
10:15,77.02999877929688,77.06500244140625,76.93000030517578,76.9800033569336,233199
10:30,77.12999725341797,77.1500015258789,76.93000030517578,77.03500366210938,236276
10:45,77.08999633789062,77.12999725341797,77.06500244140625,77.125,177075
11:00,76.99500274658203,77.12000274658203,76.97000122070312,77.08499908447266,202311
11:15,77.04000091552734,77.05999755859375,76.97000122070312,76.99500274658203,147670
11:30,76.96499633789062,77.03500366210938,76.92500305175781,77.03500366210938,108056
11:45,77.05000305175781,77.06999969482422,76.94499969482422,76.96499633789062,130148
12:00,77.06500244140625,77.08000183105469,77.01000213623047,77.05500030517578,111714
12:15,77.125,77.16000366210938,77.06500244140625,77.06990051269531,137337
12:30,77.13500213623047,77.1449966430664,77.08999633789062,77.12000274658203,104477
12:45,77.13500213623047,77.16000366210938,77.10009765625,77.13500213623047,123979
13:00,77.11000061035156,77.18000030517578,77.08499908447266,77.13999938964844,206990
13:15,77.11499786376953,77.1449966430664,77.05000305175781,77.12000274658203,143319
13:30,77.12542724609375,77.18000030517578,77.08999633789062,77.12000274658203,144556
13:45,77.11499786376953,77.16999816894531,77.09500122070312,77.12000274658203,154013
14:00,77.06999969482422,77.16500091552734,77.01000213623047,77.11000061035156,198132
14:15,77.00499725341797,77.07499694824219,76.91999816894531,77.06500244140625,185995
14:30,77.1050033569336,77.12999725341797,76.99500274658203,77.01000213623047,132707
14:45,77.22000122070312,77.26000213623047,77.1050033569336,77.1050033569336,182455
15:00,77.19000244140625,77.22000122070312,77.1449966430664,77.21499633789062,211984
15:15,77.19000244140625,77.20999908447266,77.12999725341797,77.18499755859375,194582
15:30,77.20500183105469,77.2249984741211,77.08000183105469,77.19819641113281,290854
15:45,77.23999786376953,77.2750015258789,77.16999816894531,77.19999694824219,962739
