Time,Close,High,Low,Open,Volume
09:30,279.6050109863281,279.989990234375,277.25,277.875,285581
09:45,282.1449890136719,282.20001220703125,279.20001220703125,279.6000061035156,250897
10:00,282.0400085449219,282.80999755859375,281.70001220703125,282.0799865722656,296094
10:15,282.82598876953125,283.29998779296875,281.82989501953125,282.2099914550781,178356
10:30,281.98199462890625,283.1499938964844,281.70001220703125,282.7699890136719,128377
10:45,281.739990234375,282.114990234375,281.20001220703125,281.85009765625,153180
11:00,281.92498779296875,281.9700012207031,281.6000061035156,281.7799987792969,182604
11:15,281.75,282.29998779296875,281.45001220703125,281.9100036621094,109986
11:30,281.59100341796875,282.04998779296875,281.0899963378906,281.7699890136719,108401
11:45,282.07501220703125,282.20001220703125,281.44500732421875,281.6499938964844,91283
12:00,282.0,282.19000244140625,281.7699890136719,282.07000732421875,71022
12:15,281.75,282.3500061035156,281.6700134277344,282.05999755859375,142074
12:30,282.2099914550781,282.3500061035156,281.69000244140625,281.7250061035156,91585
12:45,282.739990234375,282.8349914550781,282.05499267578125,282.2099914550781,110552
13:00,282.0199890136719,282.7799987792969,281.7799987792969,282.7449951171875,119434
13:15,282.4700012207031,282.6199951171875,281.7850036621094,282.0199890136719,112172
13:30,281.6167907714844,282.7099914550781,281.510009765625,282.4599914550781,113523
13:45,281.0799865722656,281.6300048828125,280.8299865722656,281.5849914550781,83883
14:00,281.20001220703125,281.70001220703125,281.010009765625,281.1199951171875,62646
14:15,281.5400085449219,281.6600036621094,281.1099853515625,281.239990234375,64065
14:30,280.75,281.6199951171875,280.5299987792969,281.5450134277344,68978
14:45,281.2550048828125,281.3900146484375,280.67999267578125,280.7300109863281,97011
15:00,281.2149963378906,281.6000061035156,280.9800109863281,281.2300109863281,96952
15:15,281.0899963378906,281.82000732421875,280.5899963378906,281.2200012207031,160826
15:30,281.010009765625,281.2900085449219,280.510009765625,281.0799865722656,254281
15:45,281.4200134277344,281.8500061035156,280.8599853515625,281.0,534925
