Time,Close,High,Low,Open,Volume
09:30,43.989898681640625,44.37990188598633,43.93000030517578,44.15999984741211,2293285
09:45,43.81999969482422,44.08000183105469,43.72999954223633,43.9900016784668,1662326
10:00,43.67499923706055,43.900001525878906,43.560001373291016,43.810001373291016,1726716
10:15,43.939998626708984,43.97999954223633,43.63010025024414,43.66999816894531,1276153
10:30,43.8400993347168,44.025001525878906,43.814998626708984,43.939998626708984,882909
10:45,43.67499923706055,43.84000015258789,43.625,43.84000015258789,738378
11:00,43.82789993286133,43.834999084472656,43.654998779296875,43.68000030517578,769432
11:15,43.80500030517578,43.84000015258789,43.70500183105469,43.83000183105469,565237
11:30,43.79499816894531,43.83000183105469,43.75,43.79999923706055,513729
11:45,44.03499984741211,44.060001373291016,43.7599983215332,43.79499816894531,878854
12:00,44.06999969482422,44.119998931884766,43.97999954223633,44.03070068359375,884645
12:15,44.064998626708984,44.189998626708984,44.03499984741211,44.07500076293945,771453
12:30,44.14500045776367,44.154998779296875,44.029998779296875,44.060001373291016,445813
12:45,44.05500030517578,44.220001220703125,43.970001220703125,44.150001525878906,676911
13:00,43.967899322509766,44.06999969482422,43.90999984741211,44.05500030517578,544409
13:15,43.959999084472656,43.994998931884766,43.849998474121094,43.959999084472656,552013
13:30,43.85499954223633,44.029998779296875,43.779998779296875,43.96139907836914,731977
13:45,43.83000183105469,43.880001068115234,43.814998626708984,43.85499954223633,432707
14:00,43.904998779296875,43.989898681640625,43.83000183105469,43.83000183105469,511898
14:15,43.939998626708984,43.990699768066406,43.900001525878906,43.904998779296875,390278
14:30,43.8849983215332,43.970001220703125,43.86000061035156,43.939998626708984,449659
14:45,44.0099983215332,44.040000915527344,43.880001068115234,43.880001068115234,557856
15:00,44.084999084472656,44.084999084472656,43.9900016784668,44.01499938964844,770688
15:15,43.9901008605957,44.11000061035156,43.98500061035156,44.080101013183594,737635
15:30,44.05500030517578,44.060001373291016,43.93000030517578,43.994998931884766,802080
15:45,44.029998779296875,44.119998931884766,44.0,44.04999923706055,2436450
