Time,Close,High,Low,Open,Volume
09:30,587.6998901367188,588.780029296875,585.72998046875,586.2000122070312,4707388
09:45,589.5501098632812,589.6599731445312,587.6599731445312,588.5070190429688,2224628
10:00,588.2150268554688,590.6099853515625,586.3200073242188,589.5599975585938,2724444
10:15,588.52001953125,589.1500244140625,587.9400024414062,588.260009765625,1350891
10:30,587.3798828125,589.1300048828125,586.6712036132812,588.510009765625,2106796
10:45,587.1400146484375,587.6286010742188,586.0800170898438,587.3300170898438,1528364
11:00,587.3150024414062,587.8900146484375,586.8200073242188,587.1500244140625,1133172
11:15,586.5399780273438,587.5499877929688,586.219970703125,587.2650146484375,689506
11:30,586.8300170898438,586.9299926757812,585.8699951171875,586.5399780273438,1058682
11:45,587.530029296875,587.75,586.6599731445312,586.8250122070312,996456
12:00,587.0886840820312,587.6599731445312,586.5900268554688,587.5549926757812,608959
12:15,587.2744750976562,587.530029296875,586.8250122070312,587.0900268554688,699784
12:30,587.8200073242188,588.0999755859375,587.0399780273438,587.280029296875,724219
12:45,587.2100219726562,588.0526123046875,587.0599975585938,587.8099975585938,636174
13:00,585.260009765625,587.2799072265625,584.6900024414062,587.2091064453125,1776234
13:15,587.1500244140625,587.280029296875,585.0449829101562,585.25,1089224
13:30,586.8040161132812,587.7899780273438,586.5499877929688,587.1599731445312,968591
13:45,586.0999755859375,586.7999877929688,586.0800170898438,586.780029296875,590626
14:00,587.0900268554688,587.6099853515625,585.7100219726562,586.135009765625,1094272
14:15,587.97998046875,588.4949951171875,587.0499877929688,587.0499877929688,1320052
14:30,587.8399047851562,588.344970703125,587.5399780273438,587.97998046875,622232
14:45,588.2000122070312,588.260009765625,587.739990234375,587.8800048828125,500115
15:00,588.0501098632812,588.2849731445312,587.7100219726562,588.22998046875,686611
15:15,587.85498046875,588.14501953125,587.7755737304688,588.0499877929688,493033
15:30,588.0499877929688,588.1599731445312,587.6400146484375,587.85498046875,847007
15:45,588.530029296875,588.8300170898438,587.8900146484375,588.010009765625,2062026
