Time,Close,High,Low,Open,Volume
09:30,712.8800048828125,722.5700073242188,712.8800048828125,716.739990234375,99443
09:45,710.6199951171875,714.5499877929688,707.4600219726562,712.6500244140625,83652
10:00,711.6649780273438,713.2100219726562,704.27001953125,710.469970703125,101176
10:15,711.8900146484375,712.5609741210938,709.6746826171875,711.6649780273438,33815
10:30,714.3250122070312,716.52001953125,711.4500122070312,712.0700073242188,47613
10:45,714.0700073242188,715.1998901367188,713.0,713.85498046875,24193
11:00,713.6799926757812,714.9400024414062,712.2700805664062,714.8699951171875,24404
11:15,714.7449951171875,715.0999755859375,713.469970703125,714.0,22735
11:30,714.8800048828125,715.239990234375,713.510009765625,714.5999755859375,23988
11:45,716.1849975585938,716.2774047851562,714.5599975585938,714.9199829101562,21066
12:00,716.030029296875,716.5999755859375,715.1900024414062,716.3200073242188,25678
12:15,716.2000122070312,716.489990234375,715.4099731445312,716.219970703125,15919
12:30,717.3400268554688,717.8350219726562,715.6749877929688,715.760009765625,34592
12:45,717.8389892578125,718.0,716.8099975585938,717.2999877929688,25098
13:00,714.02001953125,717.6749877929688,713.5,717.6749877929688,32681
13:15,716.52001953125,716.5407104492188,714.2999877929688,714.530029296875,16975
13:30,717.6300048828125,717.8599853515625,716.0399780273438,716.3900146484375,26552
13:45,717.4600219726562,717.9199829101562,716.9749755859375,717.6300048828125,19451
14:00,718.6925048828125,719.9349975585938,717.02001953125,717.4450073242188,38256
14:15,720.77001953125,721.52001953125,718.6799926757812,718.7999877929688,33845
14:30,719.0499877929688,720.8599853515625,718.77001953125,720.510009765625,29342
14:45,719.405029296875,719.5,718.4305419921875,719.1199951171875,19161
15:00,718.9600219726562,719.4299926757812,718.280029296875,719.3099975585938,23731
15:15,718.5,719.2899780273438,718.5,718.8350219726562,22842
15:30,718.8800048828125,719.0698852539062,717.8599853515625,718.4749755859375,47355
15:45,721.4600219726562,721.47998046875,718.75,718.8800048828125,107122
