Time,Close,High,Low,Open,Volume
09:30,33.42380142211914,33.630001068115234,33.2599983215332,33.630001068115234,264733
09:45,32.9900016784668,33.400001525878906,32.970001220703125,33.400001525878906,150823
10:00,32.77000045776367,33.33000183105469,32.7400016784668,32.9900016784668,133081
10:15,32.599998474121094,32.79499816894531,32.529998779296875,32.7599983215332,108198
10:30,32.84989929199219,33.040000915527344,32.540000915527344,32.59000015258789,145272
10:45,32.65999984741211,32.970001220703125,32.58000183105469,32.869998931884766,70821
11:00,32.65999984741211,32.75,32.540000915527344,32.63999938964844,54216
11:15,32.70000076293945,32.77000045776367,32.59000015258789,32.650001525878906,50907
11:30,32.77989959716797,32.939998626708984,32.709999084472656,32.720001220703125,65288
11:45,32.72999954223633,32.86000061035156,32.66999816894531,32.775001525878906,28218
12:00,32.720001220703125,32.790000915527344,32.68000030517578,32.72999954223633,39231
12:15,32.77000045776367,32.79999923706055,32.63999938964844,32.68000030517578,25581
12:30,32.79999923706055,32.84000015258789,32.720001220703125,32.779998779296875,18488
12:45,32.869998931884766,32.9900016784668,32.775001525878906,32.775001525878906,52192
13:00,33.19499969482422,33.33000183105469,32.869998931884766,32.869998931884766,133549
13:15,32.849998474121094,33.2400016784668,32.84000015258789,33.189998626708984,162889
13:30,32.90999984741211,32.97700119018555,32.720001220703125,32.84960174560547,79749
13:45,33.02000045776367,33.040000915527344,32.93000030517578,32.93000030517578,38594
14:00,32.85499954223633,33.099998474121094,32.689998626708984,33.04999923706055,101433
14:15,32.79999923706055,32.81999969482422,32.709999084472656,32.81999969482422,36398
14:30,32.964500427246094,33.0,32.75,32.790000915527344,54126
14:45,32.939998626708984,33.0099983215332,32.90999984741211,32.95000076293945,37203
15:00,32.96500015258789,33.04499816894531,32.95000076293945,32.9900016784668,46771
15:15,33.04499816894531,33.04499816894531,32.959999084472656,32.97999954223633,32250
15:30,33.029998779296875,33.11000061035156,32.9900016784668,33.04999923706055,54971
15:45,32.7400016784668,33.025001525878906,32.70000076293945,33.025001525878906,256383
