Time,Close,High,Low,Open,Volume
09:30,294.519989,295.859985,294.130004,294.130004,79155.0
09:35,,,,,
09:40,,,,,
09:45,295.470001,295.695007,295.459991,295.695007,30891.0
09:50,,,,,
09:55,295.410003,295.744995,295.410003,295.529998,55554.0
10:00,,,,,
10:05,,,,,
10:10,294.660003,294.660003,294.429992,294.450012,35997.0
10:15,,,,,
10:20,,,,,
10:25,,,,,
10:30,295.450012,295.450012,295.450012,295.450012,20717.0
10:35,,,,,
10:40,,,,,
10:45,295.089996,295.089996,295.089996,295.089996,29982.0
10:50,,,,,
10:55,,,,,
11:00,,,,,
11:05,295.329986,295.329986,295.25,295.309997,76176.0
11:10,,,,,
11:15,,,,,
11:20,,,,,
11:25,,,,,
11:30,295.019989,295.274993,295.0,295.274993,59523.0
11:35,,,,,
11:40,,,,,
11:45,,,,,
11:50,296.005004,296.005004,296.005004,296.005004,42970.0
11:55,,,,,
12:00,,,,,
12:05,,,,,
12:10,,,,,
12:15,295.660003,295.720001,295.649993,295.670013,31073.0
12:20,,,,,
12:25,,,,,
12:30,296.200012,296.200012,296.11499,296.11499,25274.0
12:35,,,,,
12:40,,,,,
12:45,296.545013,296.545013,296.545013,296.545013,26000.0
12:50,,,,,
12:55,,,,,
13:00,295.75,295.75,295.579986,295.670013,48716.0
13:05,,,,,
13:10,,,,,
13:15,,,,,
13:20,295.5,295.570007,295.470001,295.470001,2685.0
13:25,295.524993,295.524993,295.524993,295.524993,9248.0
13:30,295.559997,295.559997,295.559997,295.559997,26241.0
13:35,,,,,
13:40,,,,,
13:45,295.410003,295.410003,295.410003,295.410003,26953.0
13:50,,,,,
13:55,295.10501,295.170013,295.10501,295.140014,56104.0
14:00,,,,,
14:05,,,,,
14:10,,,,,
14:15,,,,,
14:20,294.690002,294.720001,294.517913,294.720001,18985.0
14:25,,,,,
14:30,295.279998,295.279998,295.119995,295.119995,18660.0
14:35,,,,,
14:40,295.290008,295.390014,295.290008,295.390014,62074.0
14:45,,,,,
14:50,,,,,
14:55,,,,,
15:00,,,,,
15:05,,,,,
15:10,295.149993,295.149993,294.910003,294.946685,17846.0
15:15,,,,,
15:20,,,,,
15:25,294.910003,294.910003,294.910003,294.910003,41731.0
15:30,295.109985,295.140014,295.015014,295.059997,59586.0
15:35,,,,,
15:40,,,,,
15:45,,,,,
15:50,296.144989,296.309997,296.100006,296.200012,90191.0
15:55,,,,,
16:00,295.429992,295.429992,295.429992,295.429992,
