Time,Close,High,Low,Open,Volume
09:30,302.84991455078125,303.3999938964844,299.4599914550781,300.739990234375,196879
09:45,303.17999267578125,303.2349853515625,302.031005859375,302.8500061035156,95842
10:00,303.70989990234375,303.79998779296875,302.6650085449219,303.1400146484375,154186
10:15,303.57000732421875,303.989990234375,303.2760009765625,303.5899963378906,71426
10:30,302.8999938964844,304.05999755859375,302.7799987792969,303.5950012207031,119236
10:45,303.2080078125,303.3900146484375,302.3699951171875,302.8999938964844,120395
11:00,302.9949951171875,303.614990234375,302.8399963378906,303.1650085449219,103808
11:15,303.2749938964844,303.5,302.9700012207031,302.9949951171875,108360
11:30,303.6199951171875,303.80999755859375,303.1099853515625,303.3299865722656,62969
11:45,303.42498779296875,304.0,303.3641052246094,303.6300048828125,81086
12:00,304.0150146484375,304.0400085449219,303.4599914550781,303.4762878417969,51413
12:15,304.1499938964844,304.239990234375,303.7950134277344,304.0150146484375,89204
12:30,304.1449890136719,304.3299865722656,304.0,304.1337890625,89908
12:45,303.7900085449219,304.1820068359375,303.69000244140625,304.1300048828125,122766
13:00,302.9100036621094,303.8290100097656,302.8699951171875,303.8197937011719,129726
13:15,303.3100891113281,303.3999938964844,302.8399963378906,302.95001220703125,67914
13:30,303.3999938964844,303.69000244140625,302.9599914550781,303.3999938964844,149146
13:45,303.1199951171875,303.4599914550781,303.0199890136719,303.3999938964844,42601
14:00,303.5389099121094,303.84991455078125,302.9800109863281,303.07000732421875,87700
14:15,304.25,304.2799987792969,303.42999267578125,303.54998779296875,83857
14:30,303.6000061035156,304.4200134277344,303.5439147949219,304.2699890136719,156282
14:45,303.7900085449219,303.9399108886719,303.57000732421875,303.6700134277344,94873
15:00,304.0,304.1099853515625,303.6400146484375,303.82501220703125,115443
15:15,303.2250061035156,304.0899963378906,303.19000244140625,304.010009765625,214401
15:30,303.3900146484375,303.4100036621094,302.8900146484375,303.1600036621094,172993
15:45,303.4800109863281,304.1300048828125,303.05499267578125,303.4100036621094,783666
