Time,Close,High,Low,Open,Volume
09:30,209.139999,209.820007,209.139999,209.820007,144396.0
09:35,,,,,
09:40,,,,,
09:45,208.399993,208.584594,208.389999,208.570007,47699.0
09:50,207.595001,207.595001,207.595001,207.595001,55786.0
09:55,206.820007,207.11,206.580001,207.100006,87619.0
10:00,,,,,
10:05,207.255004,207.255004,207.255004,207.255004,12530.0
10:10,207.139999,207.279907,207.139999,207.279907,2256.0
10:15,207.229995,207.229995,207.229995,207.229995,75269.0
10:20,,,,,
10:25,,,,,
10:30,207.25,207.279907,207.220001,207.235,41668.0
10:35,,,,,
10:40,207.080001,207.080001,207.080001,207.080001,2862.0
10:45,206.744995,206.789993,206.744995,206.789993,24389.0
10:50,,,,,
10:55,206.675003,206.675003,206.675003,206.675003,46548.0
11:00,205.190002,205.190002,205.130004,205.130004,97250.0
11:05,205.190002,205.293899,205.100006,205.293899,319020.0
11:10,,,,,
11:15,,,,,
11:20,,,,,
11:25,,,,,
11:30,205.399993,205.710006,205.399993,205.710006,123046.0
11:35,,,,,
11:40,,,,,
11:45,,,,,
11:50,205.619995,205.649993,205.600006,205.619995,89413.0
11:55,,,,,
12:00,,,,,
12:05,,,,,
12:10,,,,,
12:15,205.634994,205.639999,205.589996,205.589996,39432.0
12:20,,,,,
12:25,,,,,
12:30,205.490005,205.490005,205.490005,205.490005,828.0
12:35,,,,,
12:40,205.408996,205.408996,205.408996,205.408996,40597.0
12:45,205.570007,205.570007,205.500106,205.544998,2555.0
12:50,205.585006,205.585006,205.585006,205.585006,42819.0
12:55,,,,,
13:00,205.125,205.139999,205.0,205.139999,270302.0
13:05,,,,,
13:10,,,,,
13:15,,,,,
13:20,,,,,
13:25,,,,,
13:30,,,,,
13:35,,,,,
13:40,204.664993,204.759994,204.664993,204.759994,68880.0
13:45,,,,,
13:50,,,,,
13:55,204.817001,204.830001,204.759994,204.789993,215195.0
14:00,,,,,
14:05,,,,,
14:10,,,,,
14:15,,,,,
14:20,204.414993,204.480606,204.389999,204.480606,63319.0
14:25,,,,,
14:30,204.36,204.509994,204.36,204.479995,128375.0
14:35,,,,,
14:40,203.554992,203.61,203.554992,203.589004,4816.0
14:45,,,,,
14:50,203.75,203.75,203.75,203.75,88110.0
14:55,,,,,
15:00,,,,,
15:05,,,,,
15:10,203.990005,204.050003,203.956207,204.050003,212222.0
15:15,,,,,
15:20,,,,,
15:25,204.160003,204.160003,204.160003,204.160003,50063.0
15:30,203.914993,203.934997,203.880004,203.889999,43248.0
15:35,203.929992,203.929992,203.929992,203.929992,136996.0
15:40,,,,,
15:45,,,,,
15:50,203.960006,204.100006,203.899993,204.100006,23279.0
15:55,204.190002,204.475006,204.190002,204.475006,302037.0
16:00,204.229995,204.229995,204.229995,204.229995,
