Time,Close,High,Low,Open,Volume
09:30,142.625,143.00999450683594,142.2949981689453,143.00999450683594,256193
09:45,143.30999755859375,143.30999755859375,142.63999938964844,142.63999938964844,131169
10:00,143.39999389648438,143.50999450683594,143.19500732421875,143.27000427246094,152468
10:15,143.52499389648438,143.64999389648438,143.3699951171875,143.4199981689453,195113
10:30,143.60499572753906,143.63999938964844,143.19000244140625,143.55160522460938,158255
10:45,143.6179962158203,143.6179962158203,143.3800048828125,143.5897979736328,131450
11:00,142.98500061035156,143.6699981689453,142.96499633789062,143.60000610351562,191364
11:15,143.00999450683594,143.125,142.85699462890625,142.99000549316406,126669
11:30,142.77999877929688,143.0399932861328,142.6750030517578,143.00999450683594,182524
11:45,142.64500427246094,142.80999755859375,142.60000610351562,142.77000427246094,257550
12:00,142.5399932861328,142.8000030517578,142.4499969482422,142.6300048828125,206524
12:15,142.33999633789062,142.60499572753906,142.33999633789062,142.5399932861328,187576
12:30,142.4499969482422,142.4600067138672,142.24000549316406,142.3300018310547,196122
12:45,142.30499267578125,142.4499969482422,142.24000549316406,142.4499969482422,134735
13:00,142.1649932861328,142.30999755859375,142.0800018310547,142.3000030517578,178541
13:15,142.07000732421875,142.1699981689453,141.9499969482422,142.16000366210938,211018
13:30,142.05999755859375,142.25999450683594,141.94000244140625,142.0500030517578,212286
13:45,142.10000610351562,142.22500610351562,142.07000732421875,142.08999633789062,133926
14:00,142.0749969482422,142.19000244140625,141.9199981689453,142.11000061035156,164899
14:15,142.1269989013672,142.1699981689453,141.97000122070312,142.0749969482422,150641
14:30,142.15499877929688,142.22999572753906,142.0800018310547,142.1300048828125,160961
14:45,142.22999572753906,142.30999755859375,142.08999633789062,142.13999938964844,278865
15:00,142.3699951171875,142.39999389648438,142.23500061035156,142.23500061035156,179459
15:15,142.4199981689453,142.44000244140625,142.2899932861328,142.3699951171875,160067
15:30,142.5399932861328,142.64999389648438,142.3800048828125,142.4199981689453,271261
15:45,142.72999572753906,142.77000427246094,142.4199981689453,142.5449981689453,619624
