Time,Close,High,Low,Open,Volume
09:30,125.84500122070312,126.41000366210938,125.37000274658203,125.98590087890625,718153
09:45,126.43000030517578,126.44000244140625,125.79000091552734,125.87000274658203,364429
10:00,126.77999877929688,126.8499984741211,126.16000366210938,126.4000015258789,669898
10:15,126.52999877929688,126.9800033569336,126.52999877929688,126.81999969482422,367225
10:30,126.4490966796875,126.74500274658203,126.16000366210938,126.55000305175781,339162
10:45,126.5999984741211,126.66000366210938,126.31999969482422,126.43499755859375,253421
11:00,126.79499816894531,126.82820129394531,126.54000091552734,126.58999633789062,349427
11:15,126.73999786376953,126.8499984741211,126.70210266113281,126.80500030517578,279972
11:30,126.52069854736328,126.80000305175781,126.2699966430664,126.73500061035156,379377
11:45,126.4000015258789,126.55999755859375,126.38310241699219,126.5199966430664,260810
12:00,126.2750015258789,126.49500274658203,126.26000213623047,126.38999938964844,201560
12:15,126.30000305175781,126.37999725341797,126.2300033569336,126.29000091552734,144394
12:30,126.43000030517578,126.5,126.220703125,126.30000305175781,170589
12:45,126.41000366210938,126.4800033569336,126.30000305175781,126.44999694824219,186933
13:00,126.2300033569336,126.43000030517578,126.19999694824219,126.40499877929688,191982
13:15,126.37999725341797,126.41999816894531,126.16000366210938,126.22000122070312,139474
13:30,126.40499877929688,126.52999877929688,126.33999633789062,126.37999725341797,230653
13:45,126.30999755859375,126.41000366210938,126.28500366210938,126.3949966430664,149092
14:00,126.5,126.52999877929688,126.19000244140625,126.30999755859375,208833
14:15,126.58999633789062,126.62000274658203,126.47000122070312,126.5,177435
14:30,126.43000030517578,126.62000274658203,126.36000061035156,126.5999984741211,213396
14:45,126.71499633789062,126.75499725341797,126.41999816894531,126.41999816894531,187126
15:00,126.65599822998047,126.79000091552734,126.61499786376953,126.7300033569336,186571
15:15,126.61000061035156,126.67500305175781,126.54109954833984,126.66699981689453,208942
15:30,126.6500015258789,126.69000244140625,126.58499908447266,126.5999984741211,310895
15:45,126.80000305175781,126.91999816894531,126.52999877929688,126.6500015258789,1077290
