Time,Close,High,Low,Open,Volume
09:30,371.05999755859375,373.54998779296875,369.50140380859375,373.2449951171875,1923489
09:45,373.2349853515625,373.2799987792969,370.9700012207031,371.05499267578125,864445
10:00,372.75,373.5,371.69000244140625,372.79998779296875,745370
10:15,372.6499938964844,373.07000732421875,372.4100036621094,372.7300109863281,488148
10:30,371.8599853515625,372.989990234375,371.5,372.70001220703125,510787
10:45,371.9800109863281,372.3114929199219,371.1400146484375,371.8299865722656,449112
11:00,372.3299865722656,372.6700134277344,371.55999755859375,372.0,558312
11:15,371.3699951171875,372.42999267578125,371.30010986328125,372.32000732421875,389959
11:30,371.4100036621094,371.5899963378906,370.8299865722656,371.3999938964844,372288
11:45,371.6098937988281,371.82000732421875,371.2799987792969,371.4100036621094,326966
12:00,371.5,371.6600036621094,371.239990234375,371.5899963378906,538664
12:15,372.0050048828125,372.0899963378906,371.3599853515625,371.5199890136719,410641
12:30,372.6376953125,373.0,371.82000732421875,372.0,401774
12:45,372.1700134277344,372.7200012207031,371.8299865722656,372.6199951171875,405124
13:00,371.04510498046875,372.20928955078125,370.6900939941406,372.1860046386719,467260
13:15,372.2650146484375,372.3299865722656,370.8599853515625,371.04998779296875,341700
13:30,372.635009765625,372.6700134277344,371.80010986328125,372.25,397161
13:45,371.6400146484375,372.6600036621094,371.6099853515625,372.6300048828125,273718
14:00,372.662109375,372.75,371.4800109863281,371.6600036621094,499914
14:15,372.92999267578125,373.6600036621094,372.67498779296875,372.67999267578125,417411
14:30,372.4649963378906,373.32000732421875,372.30609130859375,372.92498779296875,252452
14:45,372.5459899902344,372.7099914550781,372.260009765625,372.4800109863281,300347
15:00,372.6300048828125,372.79998779296875,372.1199951171875,372.55999755859375,355268
15:15,372.4100036621094,372.739990234375,372.20001220703125,372.6400146484375,327694
15:30,372.5199890136719,372.5400085449219,371.7699890136719,372.3800048828125,396162
15:45,372.8609924316406,373.1499938964844,372.2699890136719,372.5,1055058
