Time,Close,High,Low,Open,Volume
09:30,198.6999969482422,199.7698974609375,197.57000732421875,198.5,684710
09:45,197.57000732421875,198.85459899902344,197.10000610351562,198.8000030517578,305495
10:00,197.89999389648438,198.35000610351562,197.35009765625,197.55999755859375,321435
10:15,196.58009338378906,197.8000030517578,196.52000427246094,197.8000030517578,369741
10:30,197.64500427246094,197.69000244140625,196.3509979248047,196.63999938964844,309926
10:45,197.2830047607422,198.02000427246094,197.07000732421875,197.6300048828125,222893
11:00,197.1699981689453,197.29989624023438,196.77999877929688,197.13009643554688,172969
11:15,197.41000366210938,197.50999450683594,197.05499267578125,197.13999938964844,182572
11:30,197.3350067138672,197.61000061035156,197.22999572753906,197.4149932861328,114655
11:45,197.49000549316406,197.58999633789062,197.11000061035156,197.3000030517578,172348
12:00,197.89999389648438,198.00399780273438,197.38999938964844,197.49000549316406,260852
12:15,197.8699951171875,198.11000061035156,197.82000732421875,197.9149932861328,88416
12:30,198.0749969482422,198.24920654296875,197.72000122070312,197.86500549316406,120438
12:45,198.63999938964844,198.64999389648438,197.97999572753906,198.05999755859375,153279
13:00,198.8760986328125,199.0500030517578,198.57000732421875,198.63009643554688,174954
13:15,198.66200256347656,198.97999572753906,198.64999389648438,198.92999267578125,168685
13:30,198.77000427246094,198.8800048828125,198.50999450683594,198.69000244140625,109381
13:45,198.68499755859375,198.86000061035156,198.6199951171875,198.77000427246094,97233
14:00,198.6199951171875,198.8699951171875,198.5399932861328,198.6699981689453,160464
14:15,198.74000549316406,198.86000061035156,198.39999389648438,198.6199951171875,158956
14:30,198.44000244140625,198.75,198.44000244140625,198.74000549316406,182006
14:45,198.52999877929688,198.5800018310547,198.29010009765625,198.44500732421875,154670
15:00,198.32000732421875,198.63999938964844,198.27499389648438,198.50999450683594,184145
15:15,198.67999267578125,198.67999267578125,198.22000122070312,198.3000030517578,221183
15:30,198.65499877929688,198.86000061035156,198.47000122070312,198.6999969482422,243974
15:45,198.92999267578125,199.0399932861328,198.5500030517578,198.63999938964844,789719
