Time,Close,High,Low,Open,Volume
09:30,314.8450927734375,318.05999755859375,314.6300048828125,316.5299987792969,49318
09:45,315.8800048828125,315.8800048828125,314.010009765625,314.75,35248
10:00,315.8299865722656,316.29998779296875,313.7200012207031,315.5,50211
10:15,316.5799865722656,316.9549865722656,315.70001220703125,315.8349914550781,21832
10:30,316.95001220703125,317.32000732421875,315.7099914550781,316.67999267578125,25530
10:45,317.8500061035156,317.8599853515625,316.5199890136719,316.95001220703125,19175
11:00,317.92999267578125,318.04998779296875,317.4849853515625,317.7699890136719,15550
11:15,317.6650085449219,317.92999267578125,317.5199890136719,317.92999267578125,14776
11:30,317.82000732421875,317.92999267578125,317.1700134277344,317.6400146484375,15548
11:45,317.9150085449219,318.05999755859375,317.760009765625,317.8349914550781,10162
12:00,317.4150085449219,318.1400146484375,317.3299865722656,318.0199890136719,14727
12:15,317.6700134277344,317.8599853515625,317.2799987792969,317.5,15878
12:30,317.9150085449219,318.0,317.5150146484375,317.5150146484375,16527
12:45,318.0299987792969,318.05999755859375,317.7200012207031,317.8999938964844,31961
13:00,317.2699890136719,318.0299987792969,317.04998779296875,318.0299987792969,53544
13:15,317.510009765625,317.79998779296875,317.0799865722656,317.30999755859375,37703
13:30,317.6300048828125,318.1000061035156,317.3599853515625,317.5849914550781,36390
13:45,316.94000244140625,317.8599853515625,316.94000244140625,317.6099853515625,20330
14:00,317.010009765625,317.1300048828125,316.5899963378906,316.8999938964844,43763
14:15,317.3999938964844,317.6581115722656,316.9209899902344,317.04998779296875,25751
14:30,316.8900146484375,317.6300048828125,316.8699951171875,317.510009765625,25106
14:45,317.0249938964844,317.1199951171875,316.7699890136719,316.9150085449219,29542
15:00,316.9200134277344,317.1499938964844,316.7300109863281,317.04278564453125,35679
15:15,316.3699951171875,317.05999755859375,316.364990234375,316.92999267578125,30533
15:30,316.5400085449219,316.8800048828125,316.30999755859375,316.3599853515625,48507
15:45,316.5199890136719,316.94000244140625,316.2200012207031,316.4700012207031,227072
