Time,Close,High,Low,Open,Volume
09:30,319.41949462890625,321.260009765625,318.9200134277344,319.70001220703125,145904
09:45,321.6300048828125,321.6300048828125,319.32501220703125,319.385009765625,68981
10:00,321.7300109863281,322.43499755859375,320.4700012207031,321.6000061035156,122992
10:15,322.989990234375,323.4798889160156,321.5,321.84991455078125,87599
10:30,323.4200134277344,323.7699890136719,322.2099914550781,323.04998779296875,82587
10:45,324.1600036621094,324.3599853515625,323.1199951171875,323.4750061035156,73213
11:00,325.29998779296875,325.3699951171875,324.1499938964844,324.1499938964844,85041
11:15,325.239990234375,325.5450134277344,324.8900146484375,325.2200012207031,55376
11:30,325.0299987792969,325.3800048828125,324.80999755859375,325.2099914550781,51618
11:45,325.6700134277344,325.7200012207031,324.94000244140625,324.95001220703125,54451
12:00,325.44000244140625,325.8900146484375,325.3240051269531,325.68499755859375,39864
12:15,325.2200012207031,325.739990234375,325.1499938964844,325.42999267578125,57976
12:30,324.860107421875,325.4800109863281,324.7149963378906,325.2200012207031,107351
12:45,324.79998779296875,325.04998779296875,324.6300048828125,324.8599853515625,66498
13:00,324.1099853515625,324.8550109863281,323.79998779296875,324.7900085449219,54429
13:15,324.5199890136719,324.7200012207031,323.885009765625,324.114990234375,35813
13:30,324.04998779296875,324.8500061035156,323.8399963378906,324.510009765625,63387
13:45,324.1300048828125,324.6099853515625,323.9599914550781,324.04998779296875,51813
14:00,324.3800048828125,324.82000732421875,324.0299987792969,324.0400085449219,49184
14:15,325.4100036621094,325.45001220703125,324.32000732421875,324.385009765625,53483
14:30,325.1099853515625,325.6300048828125,325.0,325.2900085449219,59468
14:45,325.04998779296875,325.57000732421875,324.9700012207031,325.07000732421875,53238
15:00,325.17999267578125,325.3800048828125,324.8399963378906,325.0299987792969,60069
15:15,325.29998779296875,325.44781494140625,325.0899963378906,325.19500732421875,68522
15:30,326.30999755859375,326.43499755859375,325.25,325.2900085449219,81014
15:45,326.6300048828125,326.67999267578125,325.95001220703125,326.2699890136719,307792
