Time,Close,High,Low,Open,Volume
09:30,246.85000610351562,248.89990234375,246.11000061035156,248.13999938964844,139100
09:45,246.71499633789062,247.4250030517578,245.63999938964844,246.72000122070312,70101
10:00,246.27000427246094,247.11000061035156,245.4499969482422,246.5399932861328,140295
10:15,246.10000610351562,246.7899932861328,246.00999450683594,246.2100067138672,57229
10:30,245.78500366210938,246.4799041748047,245.33999633789062,246.1199951171875,87580
10:45,245.28509521484375,245.77499389648438,244.74000549316406,245.50010681152344,46473
11:00,245.35000610351562,245.48989868164062,244.91000366210938,245.2100067138672,49676
11:15,244.9600067138672,245.5,244.8101043701172,245.3699951171875,37505
11:30,245.01499938964844,245.17990112304688,244.75999450683594,244.85499572753906,33489
11:45,245.4600067138672,245.53990173339844,244.9600067138672,245.02000427246094,52166
12:00,245.17999267578125,245.47999572753906,244.74000549316406,245.42999267578125,82790
12:15,245.7550048828125,245.86000061035156,245.0,245.1199951171875,95347
12:30,246.61000061035156,246.66000366210938,245.6199951171875,245.75999450683594,55655
12:45,246.2001953125,246.6199951171875,246.0,246.6199951171875,53144
13:00,245.39999389648438,246.18499755859375,245.1300048828125,246.13999938964844,42969
13:15,246.36000061035156,246.42999267578125,245.27000427246094,245.27000427246094,36815
13:30,246.40499877929688,246.75,246.1999969482422,246.4600067138672,53226
13:45,246.42999267578125,246.47999572753906,246.0500946044922,246.33999633789062,48588
14:00,246.75999450683594,247.1699981689453,246.32000732421875,246.44500732421875,68466
14:15,247.2299041748047,247.3000030517578,246.8166046142578,246.82000732421875,40406
14:30,245.8800048828125,247.19000244140625,245.82000732421875,247.15499877929688,97024
14:45,246.41000366210938,246.41000366210938,245.83999633789062,245.83999633789062,50407
15:00,246.3350067138672,246.50990295410156,246.1699981689453,246.39999389648438,81421
15:15,246.14500427246094,246.44000244140625,246.02999877929688,246.3350067138672,55778
15:30,246.61000061035156,246.7100067138672,246.08999633789062,246.1199951171875,94822
15:45,246.72999572753906,246.8000030517578,245.82000732421875,246.55999755859375,506654
