Time,Close,High,Low,Open,Volume
09:30,227.2550048828125,228.80999755859375,227.2550048828125,228.0399932861328,70077
09:45,227.8300018310547,228.03500366210938,227.25,227.25,43080
10:00,228.27000427246094,228.5,227.10499572753906,227.97000122070312,47941
10:15,228.41000366210938,228.52999877929688,228.0500030517578,228.33999633789062,35598
10:30,227.90499877929688,228.68910217285156,227.52499389648438,228.47999572753906,102222
10:45,228.22000122070312,228.26499938964844,227.75999450683594,227.89999389648438,34951
11:00,228.0,228.25,227.84500122070312,228.21499633789062,59337
11:15,228.17999267578125,228.2899932861328,227.85000610351562,228.0,53283
11:30,227.74000549316406,228.17999267578125,227.6649932861328,228.17999267578125,30036
11:45,227.60499572753906,227.8300018310547,227.38499450683594,227.7550048828125,59642
12:00,227.77999877929688,227.97999572753906,227.5449981689453,227.66000366210938,27053
12:15,227.77999877929688,227.94000244140625,227.72999572753906,227.85000610351562,41830
12:30,227.7100067138672,228.08999633789062,227.63999938964844,227.77000427246094,63402
12:45,227.8300018310547,227.8800048828125,227.48500061035156,227.68499755859375,34793
13:00,226.9149932861328,227.7899932861328,226.8000030517578,227.7899932861328,50833
13:15,226.8800048828125,226.94500732421875,226.3800048828125,226.89999389648438,66160
13:30,226.80999755859375,227.27000427246094,226.6927032470703,226.86500549316406,34253
13:45,226.69000244140625,226.80999755859375,226.5800018310547,226.74000549316406,39996
14:00,227.08999633789062,227.33999633789062,226.6999969482422,226.7449951171875,50760
14:15,227.6999969482422,227.86500549316406,227.10000610351562,227.11000061035156,39035
14:30,227.38999938964844,227.75999450683594,227.38999938964844,227.72999572753906,32338
14:45,227.61000061035156,227.6999053955078,227.38999938964844,227.38999938964844,40683
15:00,227.2899932861328,227.6999969482422,227.2899932861328,227.5800018310547,59575
15:15,227.4600067138672,227.5500030517578,227.16000366210938,227.30999755859375,56222
15:30,228.00999450683594,228.06500244140625,227.42999267578125,227.4499969482422,85541
15:45,228.2100067138672,228.24000549316406,227.9499969482422,228.0,289778
