Time,Close,High,Low,Open,Volume
09:30,79.36000061035156,79.43000030517578,79.0199966430664,79.2249984741211,661620
09:45,79.37999725341797,79.41000366210938,79.1449966430664,79.36000061035156,328393
10:00,79.48999786376953,79.51010131835938,79.05999755859375,79.36000061035156,490290
10:15,79.67990112304688,79.69000244140625,79.42500305175781,79.5,473597
10:30,79.68000030517578,79.77999877929688,79.52999877929688,79.66999816894531,404802
10:45,79.62899780273438,79.81999969482422,79.625,79.66999816894531,336898
11:00,79.66500091552734,79.76000213623047,79.58499908447266,79.625,318510
11:15,79.55999755859375,79.69000244140625,79.45999908447266,79.66500091552734,337281
11:30,79.55000305175781,79.56999969482422,79.37000274658203,79.56999969482422,321262
11:45,79.69000244140625,79.72000122070312,79.53500366210938,79.55500030517578,199072
12:00,79.61000061035156,79.70999908447266,79.5,79.68499755859375,256946
12:15,79.62000274658203,79.6449966430664,79.56829833984375,79.62000274658203,164497
12:30,79.69499969482422,79.71820068359375,79.58000183105469,79.61499786376953,171790
12:45,79.68000030517578,79.76000213623047,79.63999938964844,79.69499969482422,238020
13:00,79.47000122070312,79.68000030517578,79.41000366210938,79.68000030517578,416423
13:15,79.70989990234375,79.71710205078125,79.45999908447266,79.47000122070312,175772
13:30,79.56999969482422,79.78500366210938,79.5636978149414,79.70999908447266,177285
13:45,79.56999969482422,79.61499786376953,79.52999877929688,79.56999969482422,150407
14:00,79.61000061035156,79.69499969482422,79.46499633789062,79.55999755859375,268333
14:15,79.68000030517578,79.7699966430664,79.62000274658203,79.62000274658203,195005
14:30,79.68499755859375,79.72000122070312,79.58999633789062,79.68000030517578,214733
14:45,79.86000061035156,79.9000015258789,79.67500305175781,79.69000244140625,334890
15:00,80.08999633789062,80.08999633789062,79.82499694824219,79.8550033569336,1923319
15:15,80.2499008178711,80.30000305175781,80.0250015258789,80.0999984741211,494753
15:30,80.29000091552734,80.36000061035156,80.22000122070312,80.24500274658203,589117
15:45,80.44000244140625,80.47000122070312,80.25,80.29499816894531,1842583
