Time,Close,High,Low,Open,Volume
09:30,241.7949981689453,242.74000549316406,241.66000366210938,242.64999389648438,227974
09:45,243.11000061035156,243.1649932861328,241.73599243164062,241.8300018310547,96660
10:00,243.13999938964844,243.51930236816406,242.85000610351562,242.97999572753906,133635
10:15,243.0399932861328,243.3350067138672,242.9499969482422,243.16000366210938,53588
10:30,243.1300048828125,243.2449951171875,242.71499633789062,243.05999755859375,89524
10:45,243.1403045654297,243.30999755859375,243.0,243.16000366210938,85882
11:00,242.2469940185547,243.1199951171875,242.22000122070312,243.1199951171875,60138
11:15,242.11500549316406,242.47999572753906,242.11500549316406,242.28500366210938,66599
11:30,241.88009643554688,242.22000122070312,241.52999877929688,242.07000732421875,50986
11:45,242.38009643554688,242.47999572753906,241.7899932861328,241.80999755859375,143426
12:00,242.25270080566406,242.77999877929688,242.1699981689453,242.4600067138672,158254
12:15,242.07000732421875,242.35499572753906,241.98829650878906,242.2949981689453,71094
12:30,242.02000427246094,242.15989685058594,241.85009765625,242.07000732421875,47669
12:45,241.8800048828125,242.0500030517578,241.7899932861328,242.00999450683594,50229
13:00,241.3000030517578,241.89559936523438,241.29750061035156,241.88999938964844,67462
13:15,241.02000427246094,241.4600067138672,241.02000427246094,241.33999633789062,88121
13:30,241.0050048828125,241.1999969482422,240.82000732421875,241.02999877929688,109403
13:45,240.83999633789062,241.07000732421875,240.82000732421875,240.9770050048828,45175
14:00,240.8300018310547,241.07000732421875,240.72500610351562,240.82000732421875,111844
14:15,240.89500427246094,241.03399658203125,240.77499389648438,240.82000732421875,58734
14:30,240.97000122070312,241.0399932861328,240.67999267578125,240.9199981689453,65809
14:45,240.9550018310547,241.16000366210938,240.89999389648438,241.02000427246094,106158
15:00,240.82000732421875,241.11000061035156,240.74000549316406,240.94000244140625,83694
15:15,240.7449951171875,240.94000244140625,240.6300048828125,240.83999633789062,138075
15:30,240.72999572753906,240.8199005126953,240.5,240.72999572753906,209424
15:45,240.8800048828125,241.14999389648438,240.61000061035156,240.77999877929688,523564
