Time,Close,High,Low,Open,Volume
09:30,464.3599853515625,465.7250061035156,463.4599914550781,464.1600036621094,520815
09:45,465.7699890136719,465.7699890136719,464.2900085449219,464.3949890136719,168677
10:00,466.2300109863281,466.6600036621094,464.3399963378906,465.7300109863281,188748
10:15,466.5,466.9100036621094,465.7300109863281,466.2298889160156,324748
10:30,466.1400146484375,467.0199890136719,465.3800048828125,466.57000732421875,139192
10:45,465.92999267578125,466.1099853515625,465.3500061035156,466.0849914550781,52793
11:00,465.92999267578125,466.1300048828125,465.42999267578125,466.010009765625,53213
11:15,465.7200012207031,465.9949951171875,465.5299987792969,465.8699951171875,37714
11:30,465.69500732421875,465.7799987792969,465.17999267578125,465.6600036621094,40814
11:45,466.1300048828125,466.1400146484375,465.5563049316406,465.6600036621094,19333
12:00,466.05999755859375,466.2449951171875,465.8500061035156,466.1300048828125,21084
12:15,466.04998779296875,466.1400146484375,465.8269958496094,466.07501220703125,12203
12:30,466.4100036621094,466.55999755859375,465.95001220703125,465.9800109863281,26007
12:45,466.260009765625,466.5199890136719,465.94000244140625,466.44500732421875,58502
13:00,464.8500061035156,466.260009765625,464.5400085449219,466.25,59593
13:15,465.5899963378906,465.6600036621094,464.7449951171875,464.8500061035156,46759
13:30,465.489990234375,465.9800109863281,465.239990234375,465.5799865722656,57622
13:45,465.1549987792969,465.4798889160156,465.0899963378906,465.4798889160156,22025
14:00,465.67999267578125,466.1199951171875,465.0799865722656,465.1650085449219,68597
14:15,466.42999267578125,466.6400146484375,465.69000244140625,465.69000244140625,47718
14:30,465.8800048828125,466.5849914550781,465.7699890136719,466.489990234375,141426
14:45,466.239990234375,466.2799987792969,465.8800048828125,465.8800048828125,75682
15:00,466.1600036621094,466.3599853515625,465.989990234375,466.25,27859
15:15,465.94000244140625,466.2900085449219,465.8900146484375,466.1300048828125,48469
15:30,466.3699951171875,466.3699951171875,465.8699951171875,465.8999938964844,28942
15:45,466.79998779296875,466.79998779296875,466.2799987792969,466.3299865722656,301902
