Time,Close,High,Low,Open,Volume
09:30,120.70999908447266,120.88999938964844,120.04000091552734,120.36000061035156,237640
09:45,121.37000274658203,121.43000030517578,120.66000366210938,120.66000366210938,147800
10:00,121.0250015258789,121.4800033569336,120.87999725341797,121.36000061035156,226789
10:15,121.04000091552734,121.33999633789062,120.94999694824219,121.0250015258789,115028
10:30,121.17500305175781,121.29000091552734,120.81999969482422,121.05000305175781,180546
10:45,121.0,121.22000122070312,120.94000244140625,121.1500015258789,132073
11:00,120.50499725341797,121.06999969482422,120.30000305175781,121.00499725341797,260206
11:15,120.5199966430664,120.63999938964844,120.39009857177734,120.5250015258789,113415
11:30,120.55000305175781,120.58000183105469,120.31999969482422,120.54000091552734,142794
11:45,120.8949966430664,120.91000366210938,120.51000213623047,120.54000091552734,145173
12:00,120.79000091552734,120.95999908447266,120.77999877929688,120.91999816894531,150681
12:15,120.69000244140625,120.8499984741211,120.63999938964844,120.79000091552734,117170
12:30,120.69629669189453,120.75499725341797,120.625,120.66999816894531,58499
12:45,120.61000061035156,120.73999786376953,120.56999969482422,120.72000122070312,112986
13:00,120.48999786376953,120.625,120.44999694824219,120.61000061035156,98595
13:15,120.31999969482422,120.5,120.31999969482422,120.5,111776
13:30,120.22000122070312,120.37000274658203,120.0999984741211,120.30000305175781,159174
13:45,120.31999969482422,120.33999633789062,120.19999694824219,120.2300033569336,64366
14:00,120.5,120.5,120.29000091552734,120.30999755859375,104774
14:15,120.625,120.63999938964844,120.45999908447266,120.5,115236
14:30,120.76000213623047,120.78309631347656,120.61000061035156,120.625,93127
14:45,120.83000183105469,120.91500091552734,120.7699966430664,120.7699966430664,85386
15:00,120.80000305175781,120.9000015258789,120.76499938964844,120.8499984741211,103620
15:15,120.66999816894531,120.84500122070312,120.5,120.78500366210938,236783
15:30,120.81999969482422,120.87999725341797,120.61499786376953,120.65950012207031,244139
15:45,120.8949966430664,120.91500091552734,120.63999938964844,120.81999969482422,494830
