Time,Close,High,Low,Open,Volume
09:30,176.70950317382812,177.41000366210938,175.75999450683594,177.0800018310547,13169510
09:45,177.0399932861328,177.4600067138672,176.6750030517578,176.7100067138672,6868108
10:00,176.50999450683594,177.3300018310547,175.99000549316406,177.0399932861328,7187341
10:15,176.77999877929688,177.10000610351562,176.47500610351562,176.50999450683594,4677147
10:30,176.39999389648438,176.9550018310547,176.28500366210938,176.77999877929688,4838361
10:45,176.58009338378906,176.8300018310547,176.18350219726562,176.38999938964844,4154973
11:00,176.6300048828125,176.9550018310547,176.52999877929688,176.59500122070312,2874649
11:15,176.48609924316406,176.9149932861328,176.4149932861328,176.64500427246094,2555225
11:30,177.02499389648438,177.0850067138672,176.4499969482422,176.49000549316406,2794666
11:45,177.44009399414062,177.61000061035156,176.97000122070312,177.0200958251953,3291821
12:00,177.16000366210938,177.48500061035156,176.94000244140625,177.4499969482422,2563350
12:15,177.15499877929688,177.33999633789062,177.0399932861328,177.1699981689453,2127132
12:30,177.1999053955078,177.44000244140625,176.9969940185547,177.1501007080078,2080650
12:45,177.0,177.3000030517578,176.86500549316406,177.19500732421875,2192994
13:00,176.27000427246094,177.02999877929688,176.10000610351562,177.0,3435914
13:15,176.93499755859375,177.0399932861328,176.21499633789062,176.27000427246094,2333946
13:30,176.73500061035156,177.1300048828125,176.6699981689453,176.9320068359375,3088530
13:45,176.59500122070312,176.77499389648438,176.5500030517578,176.73500061035156,1863594
14:00,176.85989379882812,177.02000427246094,176.44500732421875,176.60000610351562,2713098
14:15,176.98500061035156,177.3000030517578,176.85499572753906,176.86000061035156,2707186
14:30,177.0850067138672,177.1199951171875,176.75,176.97500610351562,1891495
14:45,177.1699981689453,177.32000732421875,177.05999755859375,177.08999633789062,1804633
15:00,177.25999450683594,177.2790069580078,177.02999877929688,177.19000244140625,2137413
15:15,177.2200927734375,177.4199981689453,177.2100067138672,177.26499938964844,2550850
15:30,177.25,177.44000244140625,177.14999389648438,177.22000122070312,2598822
15:45,177.63999938964844,177.67999267578125,177.0749969482422,177.25,5732135
