Time,Close,High,Low,Open,Volume
09:30,656.7550048828125,657.9099731445312,655.52001953125,655.8599853515625,4129542
09:45,658.530029296875,658.5499877929688,656.6900024414062,656.760009765625,1472466
10:00,658.0599975585938,659.719970703125,656.030029296875,657.9299926757812,2377733
10:15,658.3699951171875,658.97998046875,657.5800170898438,658.0800170898438,1330575
10:30,657.6799926757812,659.0599975585938,656.771484375,658.4299926757812,1994238
10:45,657.489990234375,657.905029296875,656.6199951171875,657.6599731445312,1131946
11:00,657.4901123046875,658.0399780273438,657.0399780273438,657.510009765625,1079734
11:15,656.9249877929688,657.7100219726562,656.6599731445312,657.52001953125,661353
11:30,657.0999755859375,657.1812133789062,656.3400268554688,656.9299926757812,769815
11:45,657.8499755859375,657.969970703125,656.9249877929688,657.0900268554688,833322
12:00,657.6192016601562,658.0399780273438,657.2000122070312,657.8679809570312,665368
12:15,657.793212890625,658.0,657.4099731445312,657.6500244140625,434280
12:30,658.2650146484375,658.510009765625,657.5800170898438,657.780029296875,703520
12:45,657.9299926757812,658.4625854492188,656.8800048828125,658.280029296875,900994
13:00,656.0399780273438,657.989990234375,655.52001953125,657.9299926757812,1413537
13:15,657.3900756835938,657.5700073242188,655.8300170898438,656.0499877929688,1053098
13:30,657.1300048828125,658.0,656.8098754882812,657.4099731445312,858104
13:45,656.469970703125,657.1199951171875,656.4299926757812,657.1199951171875,1761040
14:00,657.3400268554688,657.8699951171875,656.219970703125,656.5,1018629
14:15,658.239990234375,658.6500244140625,657.280029296875,657.3699951171875,1272889
14:30,657.9000244140625,658.5223999023438,657.72998046875,658.22998046875,1114551
14:45,658.2899780273438,658.4099731445312,657.8599853515625,657.89990234375,635807
15:00,658.1300048828125,658.4199829101562,657.8599853515625,658.3200073242188,872241
15:15,657.880126953125,658.2899780273438,657.8599853515625,658.1348876953125,906636
15:30,658.27001953125,658.2899780273438,657.8099975585938,657.8800048828125,1081315
15:45,658.8699951171875,658.9199829101562,658.0700073242188,658.239990234375,4181549
