Time,Close,High,Low,Open,Volume
09:30,428.55999755859375,429.7799987792969,428.1700134277344,428.8699951171875,751663
09:45,429.8800048828125,430.0299987792969,428.1499938964844,428.54998779296875,326803
10:00,429.2099914550781,430.8599853515625,428.0,429.8900146484375,348336
10:15,430.4895935058594,430.6099853515625,429.05999755859375,429.2149963378906,267218
10:30,430.349609375,431.489990234375,429.82000732421875,430.489990234375,246254
10:45,430.1300048828125,430.6600036621094,429.489990234375,430.25,227147
11:00,428.2799987792969,430.2250061035156,428.20001220703125,430.1700134277344,184212
11:15,428.7300109863281,428.9700012207031,427.6000061035156,428.2200012207031,154850
11:30,428.1499938964844,429.05999755859375,427.3500061035156,428.7300109863281,150273
11:45,428.80999755859375,428.8999938964844,428.04998779296875,428.1400146484375,145052
12:00,428.989990234375,429.1099853515625,428.3299865722656,428.80999755859375,76429
12:15,428.6199951171875,429.239990234375,428.5400085449219,429.010009765625,86863
12:30,428.4200134277344,429.1300048828125,428.3599853515625,428.6199951171875,101806
12:45,428.1099853515625,428.70001220703125,427.8599853515625,428.3800048828125,141723
13:00,427.5799865722656,428.1499938964844,426.7699890136719,428.1499938964844,144400
13:15,427.7699890136719,428.1499938964844,427.20001220703125,427.489990234375,163575
13:30,427.7300109863281,428.2200012207031,427.3999938964844,427.75,134001
13:45,427.45001220703125,427.7900085449219,427.32000732421875,427.7799987792969,55164
14:00,427.9100036621094,428.67999267578125,427.2099914550781,427.4599914550781,129223
14:15,428.0899963378906,428.4700012207031,428.0,428.0299987792969,82992
14:30,427.19500732421875,428.3900146484375,427.04998779296875,428.0799865722656,173218
14:45,427.92999267578125,427.9999084472656,427.010009765625,427.1700134277344,367388
15:00,427.239990234375,428.0199890136719,427.0899963378906,427.93499755859375,229103
15:15,427.1199951171875,427.260009765625,426.7099914550781,427.19000244140625,113951
15:30,427.31500244140625,427.4700012207031,426.989990234375,427.1199951171875,131624
15:45,427.67999267578125,427.8500061035156,427.2900085449219,427.2900085449219,310746
