Time,Close,High,Low,Open,Volume
09:30,94.99500274658203,95.01000213623047,94.96499633789062,95.01000213623047,422958
09:45,95.0199966430664,95.0250015258789,94.98169708251953,94.99500274658203,172135
10:00,95.00499725341797,95.06500244140625,94.91349792480469,95.0199966430664,460304
10:15,95.08999633789062,95.10549926757812,95.02999877929688,95.03040313720703,106123
10:30,95.07499694824219,95.11499786376953,95.0199966430664,95.0999984741211,159183
10:45,95.05500030517578,95.07499694824219,95.0199966430664,95.07499694824219,166235
11:00,95.02999877929688,95.08999633789062,95.02999877929688,95.05500030517578,80719
11:15,95.02999877929688,95.04000091552734,94.99150085449219,95.04000091552734,150038
11:30,95.0791015625,95.0791015625,95.01000213623047,95.0260009765625,69962
11:45,95.08499908447266,95.0999984741211,95.06990051269531,95.07060241699219,88113
12:00,95.09989929199219,95.11000061035156,95.07499694824219,95.08499908447266,138726
12:15,95.10880279541016,95.11000061035156,95.07499694824219,95.08999633789062,70500
12:30,95.10009765625,95.11000061035156,95.08000183105469,95.1050033569336,68946
12:45,95.05989837646484,95.10990142822266,95.05000305175781,95.10990142822266,268943
13:00,94.98999786376953,95.05500030517578,94.98999786376953,95.05500030517578,73228
13:15,95.0250015258789,95.02999877929688,94.96980285644531,94.99949645996094,50897
13:30,95.02999877929688,95.04499816894531,95.01000213623047,95.0250015258789,52420
13:45,95.0199966430664,95.04000091552734,95.0,95.04000091552734,121575
14:00,95.08999633789062,95.08999633789062,95.0199966430664,95.0199966430664,161967
14:15,95.13379669189453,95.17559814453125,95.0999984741211,95.0999984741211,248363
14:30,95.06999969482422,95.13500213623047,95.06500244140625,95.12999725341797,126219
14:45,95.04969787597656,95.08499908447266,95.03500366210938,95.06999969482422,318334
15:00,95.05000305175781,95.06999969482422,95.02999877929688,95.04499816894531,300974
15:15,95.05500030517578,95.05999755859375,95.04000091552734,95.0457992553711,181777
15:30,95.04060363769531,95.05999755859375,95.02999877929688,95.05500030517578,163221
15:45,95.0199966430664,95.05999755859375,95.01000213623047,95.05000305175781,503687
