Time,Close,High,Low,Open,Volume
09:30,49.79499816894531,49.877498626708984,49.45000076293945,49.5099983215332,2547330
09:45,49.810001373291016,49.82500076293945,49.650001525878906,49.790000915527344,813170
10:00,49.90999984741211,49.95000076293945,49.70000076293945,49.79999923706055,1434406
10:15,49.94499969482422,49.9900016784668,49.82500076293945,49.915000915527344,775438
10:30,49.8650016784668,50.005001068115234,49.779998779296875,49.939998626708984,1164545
10:45,49.85499954223633,49.880001068115234,49.790000915527344,49.86000061035156,1575999
11:00,49.875,49.8849983215332,49.790000915527344,49.86000061035156,700151
11:15,49.834999084472656,49.875,49.814998626708984,49.875,738471
11:30,49.8650016784668,49.875,49.810001373291016,49.834999084472656,376646
11:45,49.8849983215332,49.90999984741211,49.850101470947266,49.8650016784668,522114
12:00,49.915000915527344,49.92499923706055,49.875,49.8849983215332,483752
12:15,49.91999816894531,49.935001373291016,49.88999938964844,49.91999816894531,395768
12:30,49.95009994506836,49.95500183105469,49.9109992980957,49.92499923706055,393263
12:45,49.935001373291016,49.959999084472656,49.88999938964844,49.95500183105469,635525
13:00,49.775001525878906,49.939998626708984,49.75,49.935001373291016,1579024
13:15,49.83000183105469,49.84000015258789,49.77000045776367,49.775001525878906,584590
13:30,49.814998626708984,49.86000061035156,49.779998779296875,49.82500076293945,628546
13:45,49.78499984741211,49.814998626708984,49.7599983215332,49.814998626708984,372450
14:00,49.86000061035156,49.915000915527344,49.779998779296875,49.779998779296875,554052
14:15,49.92499923706055,49.939998626708984,49.849998474121094,49.86000061035156,637188
14:30,49.834999084472656,49.939998626708984,49.820098876953125,49.93000030517578,378767
14:45,49.85499954223633,49.880001068115234,49.810001373291016,49.834999084472656,1363860
15:00,49.845001220703125,49.875,49.83000183105469,49.85499954223633,783649
15:15,49.810001373291016,49.880001068115234,49.80500030517578,49.844200134277344,771852
15:30,49.875,49.87990188598633,49.79999923706055,49.810001373291016,1689324
15:45,49.88999938964844,49.90999984741211,49.86000061035156,49.87009811401367,3386902
