Time,Close,High,Low,Open,Volume
09:30,344.19000244140625,346.94989013671875,343.57000732421875,345.45001220703125,75072
09:45,345.9750061035156,345.9750061035156,344.1000061035156,344.3460998535156,115782
10:00,347.19500732421875,347.32000732421875,345.4700012207031,345.8500061035156,96690
10:15,347.2950134277344,348.1698913574219,346.9901123046875,347.20001220703125,71127
10:30,346.5199890136719,347.8399963378906,346.3900146484375,347.2950134277344,86073
10:45,344.6000061035156,346.54998779296875,344.1000061035156,346.44500732421875,56788
11:00,344.3599853515625,345.65008544921875,343.3699951171875,344.6000061035156,53678
11:15,343.8999938964844,344.5815124511719,343.6099853515625,344.2850036621094,40455
11:30,343.7200012207031,344.010009765625,343.3500061035156,343.9049987792969,51710
11:45,343.99951171875,344.17999267578125,343.7099914550781,343.7200012207031,97545
12:00,343.9649963378906,344.5799865722656,343.7699890136719,344.0,60563
12:15,343.3999938964844,344.0799865722656,343.0150146484375,343.9649963378906,49441
12:30,343.5249938964844,343.6700134277344,342.9100036621094,343.3599853515625,33834
12:45,343.0400085449219,343.67999267578125,342.7701110839844,343.67999267578125,28029
13:00,341.8399963378906,343.04998779296875,341.739990234375,342.9599914550781,53602
13:15,342.44000244140625,342.5819091796875,341.5799865722656,342.1000061035156,33657
13:30,341.9949951171875,342.4949951171875,341.8500061035156,342.42999267578125,37684
13:45,341.760009765625,342.06500244140625,341.5199890136719,341.9949951171875,23011
14:00,341.0299987792969,341.8500061035156,340.6400146484375,341.75,56406
14:15,341.9800109863281,341.9800109863281,340.9100036621094,340.94000244140625,45010
14:30,342.3900146484375,342.4800109863281,341.8599853515625,342.0,41232
14:45,342.5950012207031,343.0,342.375,342.375,42605
15:00,341.9849853515625,342.6499938964844,341.760009765625,342.510009765625,51458
15:15,343.0400085449219,343.0400085449219,341.8599853515625,341.9849853515625,77284
15:30,342.1199951171875,343.0400085449219,341.3599853515625,342.94000244140625,85203
15:45,342.55999755859375,342.9800109863281,342.05999755859375,342.2300109863281,235206
