Time,Close,High,Low,Open,Volume
09:30,251.49000549316406,252.3000030517578,250.82000732421875,250.99000549316406,3247911
09:45,251.82000732421875,252.00999450683594,251.00999450683594,251.47999572753906,802131
10:00,251.25999450683594,252.49000549316406,250.25,251.5,1359413
10:15,251.4600067138672,251.89500427246094,250.9499969482422,251.3000030517578,582879
10:30,251.42999267578125,251.8300018310547,250.57000732421875,251.47000122070312,1064872
10:45,251.60000610351562,251.82000732421875,250.9499969482422,251.4199981689453,823927
11:00,251.8800048828125,251.89999389648438,251.36000061035156,251.60499572753906,608523
11:15,251.89999389648438,252.03759765625,251.6199951171875,251.8800048828125,407505
11:30,252.00999450683594,252.07000732421875,251.5500030517578,251.92999267578125,436869
11:45,252.38999938964844,252.38999938964844,251.89999389648438,251.99989318847656,518586
12:00,252.05999755859375,252.4600067138672,251.91000366210938,252.41000366210938,660412
12:15,252.17999267578125,252.25,251.9149932861328,252.0800018310547,192808
12:30,252.43499755859375,252.60000610351562,252.08999633789062,252.1699981689453,220275
12:45,252.10000610351562,252.52000427246094,251.88999938964844,252.4385986328125,713888
13:00,251.0399932861328,252.10499572753906,250.75,252.10000610351562,1034868
13:15,251.94000244140625,252.02999877929688,250.9600067138672,251.0500030517578,891629
13:30,251.97000122070312,252.3300018310547,251.8000030517578,251.93499755859375,486740
13:45,251.78500366210938,251.99000549316406,251.75,251.92999267578125,235515
14:00,252.16000366210938,252.52000427246094,251.56199645996094,251.78500366210938,650888
14:15,252.7899932861328,253.0500030517578,252.13999938964844,252.13999938964844,721892
14:30,252.52000427246094,252.94000244140625,252.42999267578125,252.80999755859375,410127
14:45,252.74000549316406,252.79989624023438,252.5,252.52999877929688,349408
15:00,252.5,252.78500366210938,252.24000549316406,252.75900268554688,674593
15:15,252.35000610351562,252.5449981689453,252.17999267578125,252.5,1425793
15:30,252.60000610351562,252.6300048828125,252.28500366210938,252.30999755859375,744122
15:45,252.3699951171875,252.77000427246094,252.13999938964844,252.60000610351562,1847860
